,c,f,h,building,demand
0,12.73189849860208,54.917417297483745,0.0,steele,0.1439081926437634
