,c,f,h,building,demand
0,13.29684776110955,55.93432596999719,0.0,steele,0.14518958816315075
